Category,total_sales,total_profit
Technology,836154.0999999908,145455.66
Furniture,741999.9799999987,18451.249999999996
Office Supplies,719046.9899999996,122490.88000000016
