Region,total_sales
West,725457.9299999978
East,678781.3599999968
Central,501239.88000000006
South,391721.9000000007
